id;post_title;post_body;date_added;date_approved;media_1;media_1_content_type;media_2;media_2_content_type;media_3;media_3_content_type;media_4;media_4_content_type
1;interface;compress lavender Investment Account;2019-06-06T10:46:31;2019-06-05T16:36:55;50657275206465706f736974;image/png;726564756e64616e74;image/png;476f7267656f757320456c656374726f6e696373204272616e64;image/png;456e74657270726973652d776964652042656e696e;image/png
2;Tuna Response invoice;alarm Jamaica;2019-06-05T22:08:33;2019-06-05T19:18:10;47617264656e;image/png;496e6372656469626c65204672657368204368697073;image/png;486f6c6c6f772053686f65732073797374656d73;image/png;696d706c656d656e74;image/png
3;Optimization Cambridgeshire;payment Soap;2019-06-06T11:07:48;2019-06-05T14:10:13;44617461204e6f7274682044616b6f7461;image/png;536f6d616c696120576562207265766f6c7574696f6e697a65;image/png;46616e746173746963;image/png;48616e646372616674656420506c6173746963205368697274207175616e74696679696e67;image/png
4;wireless;hybrid;2019-06-06T09:59:15;2019-06-05T20:11:40;696e7465726d656469617465205461626c65207175616e74696679;image/png;7175616e74696679;image/png;62616e647769647468;image/png;4265726b7368697265206e617669676174696e67;image/png
5;superstructure;streamline;2019-06-06T12:33:48;2019-06-05T13:49:08;4170706c69636174696f6e73204d6973736f757269206465706f736974;image/png;44616e697368204b726f6e65207061727365;image/png;54617374792052756262657220436172206d696e64736861726520455845;image/png;70726f6772616d204175746f204c6f616e204163636f756e7420526566696e6564;image/png
6;infomediaries;Fantastic Fresh Salad;2019-06-05T19:52:26;2019-06-06T09:18:18;506c616e6e6572;image/png;496e746572616374696f6e73;image/png;6e61766967617465204f6b6c61686f6d61;image/png;426564666f7264736869726520546f6f6c73;image/png
7;Arizona hack;Fresh payment synthesize;2019-06-05T22:49:22;2019-06-06T07:07:24;4d616e6461746f727920417373697374616e74;image/png;496e6372656469626c652046726573682043617220547576616c75;image/png;43656e7472616c204166726963616e2052657075626c6963;image/png;4372656469742043617264204163636f756e74204d6172796c616e64204c6567616379;image/png
8;Product;Brand Regional Court;2019-06-05T21:56:26;2019-06-06T04:46:04;4a756e6374696f6e73206f6e652d746f2d6f6e65;image/png;417263686974656374;image/png;506f756e6420537465726c696e67204b6579626f617264;image/png;506572736f6e616c204c6f616e204163636f756e74206d61726b657473;image/png
9;SCSI Aruba Chair;drive online;2019-06-05T13:07:45;2019-06-05T13:10:37;646973696e7465726d65646961746520417373697374616e742067656e65726174696e67;image/png;534d53;image/png;696e707574204163636f756e7473;image/png;526573706f6e7365;image/png
10;white SMTP;Checking Account global Steel;2019-06-05T20:42:21;2019-06-06T00:52:04;534153;image/png;656e67616765204772616e6974652047726f63657279;image/png;52756262657220496e647573747269616c207365616d6c657373;image/png;496e7465726e6174696f6e616c;image/png
